Date,Name,Year,Letterboxd URI,Rating,Rewatch,Tags,Watched Date
2023-06-11,Past Lives,2023,https://boxd.it/4Qd2xF,4.5,,,2023-06-10
2023-08-02,Oppenheimer,2023,https://boxd.it/4XbT0L,4,,"imax, 2023",2023-07-21
2024-02-15,"Crouching Tiger, Hidden Dragon",2000,https://boxd.it/5c1Hqp,5,,,2024-02-14
2024-03-01,Dune: Part Two,2024,https://boxd.it/5i2Ls7,4.5,,,2024-03-01
2024-03-20,Oppenheimer,2023,https://boxd.it/5lPq8Z,4.5,Yes,,2024-03-19
2024-05-05,Amélie,2001,https://boxd.it/5r0Kt2,,,,
2024-07-07,"The ""Human"" Condition",1959,https://boxd.it/5wQ1aa,3.5,,,2024-07-06
2024-09-09,Parasite,2019,https://boxd.it/5z9Vv0,5,,"multi-line
tag",2024-09-08
