Date,Name,Year,Letterboxd URI
2021-01-03,Parasite,2019,https://boxd.it/hTha
2021-01-03,Spirited Away,2001,https://boxd.it/29Qm
2021-01-03,"Crouching Tiger, Hidden Dragon",2000,https://boxd.it/2a5Q
2023-06-11,Past Lives,2023,https://boxd.it/tFb6
2023-08-02,Oppenheimer,2023,https://boxd.it/tA4a
2022-12-24,Home Alone,1990,https://boxd.it/1WzY
2024-03-01,Dune: Part Two,2024,https://boxd.it/uEX6
2024-05-05,Amélie,2001,https://boxd.it/2a2Y
2024-07-07,"The ""Human"" Condition",1959,https://boxd.it/2oTm
